2,user2,1,1999-01-01,hoge,1999-01-01,2@hoge.com,$2a$10$Xvkzu7Ke8N.WjayB3jqHku.YeBlUn2n6N7XPXjj7XQvJCItPMDh4G,user1.jpg
3,user3,1,1999-01-01,hoge,1999-01-01,3@hoge.com,$2a$10$Xvkzu7Ke8N.WjayB3jqHku.YeBlUn2n6N7XPXjj7XQvJCItPMDh4G,user2.jpg
4,user4,1,1999-01-01,hoge,1999-01-01,4@hoge.com,$2a$10$Xvkzu7Ke8N.WjayB3jqHku.YeBlUn2n6N7XPXjj7XQvJCItPMDh4G,user3.jpg
5,user5,1,1999-01-02,hoge,1999-01-02,5@hoge.com,$2a$10$Xvkzu7Ke8N.WjayB3jqHku.YeBlUn2n6N7XPXjj7XQvJCItPMDh4G,user2.jpg
6,user6,1,1999-01-03,hoge,1999-01-03,6@hoge.com,$2a$10$Xvkzu7Ke8N.WjayB3jqHku.YeBlUn2n6N7XPXjj7XQvJCItPMDh4G,user3.jpg
7,user7,1,1999-01-04,hoge,1999-01-04,7@hoge.com,$2a$10$Xvkzu7Ke8N.WjayB3jqHku.YeBlUn2n6N7XPXjj7XQvJCItPMDh4G,user1.jpg
8,user8,1,1999-01-05,hoge,1999-01-05,8@hoge.com,$2a$10$Xvkzu7Ke8N.WjayB3jqHku.YeBlUn2n6N7XPXjj7XQvJCItPMDh4G,user2.jpg
9,user9,1,1999-01-06,hoge,1999-01-06,9@hoge.com,$2a$10$Xvkzu7Ke8N.WjayB3jqHku.YeBlUn2n6N7XPXjj7XQvJCItPMDh4G,user3.jpg
10,user10,1,1999-01-07,hoge,1999-01-07,10@hoge.com,$2a$10$Xvkzu7Ke8N.WjayB3jqHku.YeBlUn2n6N7XPXjj7XQvJCItPMDh4G,user1.jpg
11,user11,1,1999-01-08,hoge,1999-01-08,11@hoge.com,$2a$10$Xvkzu7Ke8N.WjayB3jqHku.YeBlUn2n6N7XPXjj7XQvJCItPMDh4G,user2.jpg
12,user12,1,1999-01-09,hoge,1999-01-09,12@hoge.com,$2a$10$Xvkzu7Ke8N.WjayB3jqHku.YeBlUn2n6N7XPXjj7XQvJCItPMDh4G,user3.jpg
13,user13,1,1999-01-10,hoge,1999-01-10,13@hoge.com,$2a$10$Xvkzu7Ke8N.WjayB3jqHku.YeBlUn2n6N7XPXjj7XQvJCItPMDh4G,user1.jpg
14,user14,1,1999-01-11,hoge,1999-01-11,14@hoge.com,$2a$10$Xvkzu7Ke8N.WjayB3jqHku.YeBlUn2n6N7XPXjj7XQvJCItPMDh4G,user2.jpg
15,user15,1,1999-01-12,hoge,1999-01-12,15@hoge.com,$2a$10$Xvkzu7Ke8N.WjayB3jqHku.YeBlUn2n6N7XPXjj7XQvJCItPMDh4G,user3.jpg
16,user16,1,1999-01-13,hoge,1999-01-13,16@hoge.com,$2a$10$Xvkzu7Ke8N.WjayB3jqHku.YeBlUn2n6N7XPXjj7XQvJCItPMDh4G,user1.jpg
17,user17,1,1999-01-14,hoge,1999-01-14,17@hoge.com,$2a$10$Xvkzu7Ke8N.WjayB3jqHku.YeBlUn2n6N7XPXjj7XQvJCItPMDh4G,user2.jpg
18,user18,1,1999-01-15,hoge,1999-01-15,18@hoge.com,$2a$10$Xvkzu7Ke8N.WjayB3jqHku.YeBlUn2n6N7XPXjj7XQvJCItPMDh4G,user3.jpg
19,user19,1,1999-01-16,hoge,1999-01-16,19@hoge.com,$2a$10$Xvkzu7Ke8N.WjayB3jqHku.YeBlUn2n6N7XPXjj7XQvJCItPMDh4G,user1.jpg
20,user20,1,1999-01-17,hoge,1999-01-17,20@hoge.com,$2a$10$Xvkzu7Ke8N.WjayB3jqHku.YeBlUn2n6N7XPXjj7XQvJCItPMDh4G,user2.jpg
21,user21,1,1999-01-18,hoge,1999-01-18,21@hoge.com,$2a$10$Xvkzu7Ke8N.WjayB3jqHku.YeBlUn2n6N7XPXjj7XQvJCItPMDh4G,user3.jpg
22,user22,1,1999-01-19,hoge,1999-01-19,22@hoge.com,$2a$10$Xvkzu7Ke8N.WjayB3jqHku.YeBlUn2n6N7XPXjj7XQvJCItPMDh4G,user1.jpg
23,user23,1,1999-01-20,hoge,1999-01-20,23@hoge.com,$2a$10$Xvkzu7Ke8N.WjayB3jqHku.YeBlUn2n6N7XPXjj7XQvJCItPMDh4G,user2.jpg
24,user24,1,1999-01-21,hoge,1999-01-21,24@hoge.com,$2a$10$Xvkzu7Ke8N.WjayB3jqHku.YeBlUn2n6N7XPXjj7XQvJCItPMDh4G,user3.jpg
25,user25,1,1999-01-22,hoge,1999-01-22,25@hoge.com,$2a$10$Xvkzu7Ke8N.WjayB3jqHku.YeBlUn2n6N7XPXjj7XQvJCItPMDh4G,user1.jpg
